Serial No.,BOOK_NAME,PRICE,RATING,AVAILABILITY
0,A Light in the Attic,Â£51.77,Three,In stock
1,Tipping the Velvet,Â£53.74,One,In stock
2,Soumission,Â£50.10,One,In stock
3,Sharp Objects,Â£47.82,Four,In stock
4,Sapiens: A Brief History of Humankind,Â£54.23,Five,In stock
5,The Requiem Red,Â£22.65,One,In stock
6,The Dirty Little Secrets of Getting Your Dream Job,Â£33.34,Four,In stock
7,"The Coming Woman: A Novel Based on the Life of the Infamous Feminist, Victoria Woodhull",Â£17.93,Three,In stock
8,The Boys in the Boat: Nine Americans and Their Epic Quest for Gold at the 1936 Berlin Olympics,Â£22.60,Four,In stock
9,The Black Maria,Â£52.15,One,In stock
10,"Starving Hearts (Triangular Trade Trilogy, #1)",Â£13.99,Two,In stock
11,Shakespeare's Sonnets,Â£20.66,Four,In stock
12,Set Me Free,Â£17.46,Five,In stock
13,Scott Pilgrim's Precious Little Life (Scott Pilgrim #1),Â£52.29,Five,In stock
14,Rip it Up and Start Again,Â£35.02,Five,In stock
15,"Our Band Could Be Your Life: Scenes from the American Indie Underground, 1981-1991",Â£57.25,Three,In stock
16,Olio,Â£23.88,One,In stock
17,Mesaerion: The Best Science Fiction Stories 1800-1849,Â£37.59,One,In stock
18,Libertarianism for Beginners,Â£51.33,Two,In stock
19,It's Only the Himalayas,Â£45.17,Two,In stock
20,In Her Wake,Â£12.84,One,In stock
21,How Music Works,Â£37.32,Two,In stock
22,"Foolproof Preserving: A Guide to Small Batch Jams, Jellies, Pickles, Condiments, and More: A Foolproof Guide to Making Small Batch Jams, Jellies, Pickles, Condiments, and More",Â£30.52,Three,In stock
23,Chase Me (Paris Nights #2),Â£25.27,Five,In stock
24,Black Dust,Â£34.53,Five,In stock
25,Birdsong: A Story in Pictures,Â£54.64,Three,In stock
26,America's Cradle of Quarterbacks: Western Pennsylvania's Football Factory from Johnny Unitas to Joe Montana,Â£22.50,Three,In stock
27,Aladdin and His Wonderful Lamp,Â£53.13,Three,In stock
28,Worlds Elsewhere: Journeys Around Shakespeareâs Globe,Â£40.30,Five,In stock
29,Wall and Piece,Â£44.18,Four,In stock
30,The Four Agreements: A Practical Guide to Personal Freedom,Â£17.66,Five,In stock
31,The Five Love Languages: How to Express Heartfelt Commitment to Your Mate,Â£31.05,Three,In stock
32,The Elephant Tree,Â£23.82,Five,In stock
33,The Bear and the Piano,Â£36.89,One,In stock
34,Sophie's World,Â£15.94,Five,In stock
35,Penny Maybe,Â£33.29,Three,In stock
36,Maude (1883-1993):She Grew Up with the country,Â£18.02,Two,In stock
37,"In a Dark, Dark Wood",Â£19.63,One,In stock
38,Behind Closed Doors,Â£52.22,Four,In stock
39,You can't bury them all: Poems,Â£33.63,Two,In stock
40,Slow States of Collapse: Poems,Â£57.31,Three,In stock
41,Reasons to Stay Alive,Â£26.41,Two,In stock
42,Private Paris (Private #10),Â£47.61,Five,In stock
43,#HigherSelfie: Wake Up Your Life. Free Your Soul. Find Your Tribe.,Â£23.11,Five,In stock
44,Without Borders (Wanderlove #1),Â£45.07,Two,In stock
45,When We Collided,Â£31.77,One,In stock
46,"We Love You, Charlie Freeman",Â£50.27,Five,In stock
47,Untitled Collection: Sabbath Poems 2014,Â£14.27,Four,In stock
48,"Unseen City: The Majesty of Pigeons, the Discreet Charm of Snails & Other Wonders of the Urban Wilderness",Â£44.18,Four,In stock
49,Unicorn Tracks,Â£18.78,Three,In stock
50,"Unbound: How Eight Technologies Made Us Human, Transformed Society, and Brought Our World to the Brink",Â£25.52,One,In stock
51,Tsubasa: WoRLD CHRoNiCLE 2 (Tsubasa WoRLD CHRoNiCLE #2),Â£16.28,One,In stock
52,Throwing Rocks at the Google Bus: How Growth Became the Enemy of Prosperity,Â£31.12,Three,In stock
53,This One Summer,Â£19.49,Four,In stock
54,Thirst,Â£17.27,Five,In stock
55,The Torch Is Passed: A Harding Family Story,Â£19.09,One,In stock
56,The Secret of Dreadwillow Carse,Â£56.13,One,In stock
57,"The Pioneer Woman Cooks: Dinnertime: Comfort Classics, Freezer Food, 16-Minute Meals, and Other Delicious Ways to Solve Supper!",Â£56.41,One,In stock
58,The Past Never Ends,Â£56.50,Four,In stock
59,The Natural History of Us (The Fine Art of Pretending #2),Â£45.22,Three,In stock
60,The Nameless City (The Nameless City #1),Â£38.16,Four,In stock
61,The Murder That Never Was (Forensic Instincts #5),Â£54.11,Three,In stock
62,The Most Perfect Thing: Inside (and Outside) a Bird's Egg,Â£42.96,Four,In stock
63,"The Mindfulness and Acceptance Workbook for Anxiety: A Guide to Breaking Free from Anxiety, Phobias, and Worry Using Acceptance and Commitment Therapy",Â£23.89,Four,In stock
64,The Life-Changing Magic of Tidying Up: The Japanese Art of Decluttering and Organizing,Â£16.77,Three,In stock
65,"The Inefficiency Assassin: Time Management Tactics for Working Smarter, Not Longer",Â£20.59,Five,In stock
66,The Gutsy Girl: Escapades for Your Life of Epic Adventure,Â£37.13,One,In stock
67,The Electric Pencil: Drawings from Inside State Hospital No. 3,Â£56.06,One,In stock
68,The Death of Humanity: and the Case for Life,Â£58.11,Four,In stock
69,"The Bulletproof Diet: Lose up to a Pound a Day, Reclaim Energy and Focus, Upgrade Your Life",Â£49.05,Three,In stock
70,The Art Forger,Â£40.76,Three,In stock
71,The Age of Genius: The Seventeenth Century and the Birth of the Modern Mind,Â£19.73,One,In stock
72,The Activist's Tao Te Ching: Ancient Advice for a Modern Revolution,Â£32.24,Five,In stock
73,Spark Joy: An Illustrated Master Class on the Art of Organizing and Tidying Up,Â£41.83,Four,In stock
74,Soul Reader,Â£39.58,Two,In stock
75,Security,Â£39.25,Two,In stock
76,"Saga, Volume 6 (Saga (Collected Editions) #6)",Â£25.02,Three,In stock
77,"Saga, Volume 5 (Saga (Collected Editions) #5)",Â£51.04,Two,In stock
78,Reskilling America: Learning to Labor in the Twenty-First Century,Â£19.83,Two,In stock
79,"Rat Queens, Vol. 3: Demons (Rat Queens (Collected Editions) #11-15)",Â£50.40,Three,In stock
80,"Princess Jellyfish 2-in-1 Omnibus, Vol. 01 (Princess Jellyfish 2-in-1 Omnibus #1)",Â£13.61,Five,In stock
81,Princess Between Worlds (Wide-Awake Princess #5),Â£13.34,Five,In stock
82,"Pop Gun War, Volume 1: Gift",Â£18.97,One,In stock
83,"Political Suicide: Missteps, Peccadilloes, Bad Calls, Backroom Hijinx, Sordid Pasts, Rotten Breaks, and Just Plain Dumb Mistakes in the Annals of American Politics",Â£36.28,Two,In stock
84,Patience,Â£10.16,Three,In stock
85,"Outcast, Vol. 1: A Darkness Surrounds Him (Outcast #1)",Â£15.44,Four,In stock
86,orange: The Complete Collection 1 (orange: The Complete Collection #1),Â£48.41,One,In stock
87,Online Marketing for Busy Authors: A Step-By-Step Guide,Â£46.35,One,In stock
88,On a Midnight Clear,Â£14.07,Three,In stock
89,Obsidian (Lux #1),Â£14.86,Two,In stock
90,My Paris Kitchen: Recipes and Stories,Â£33.37,Two,In stock
91,Masks and Shadows,Â£56.40,Two,In stock
92,"Mama Tried: Traditional Italian Cooking for the Screwed, Crude, Vegan, and Tattooed",Â£14.02,Four,In stock
93,"Lumberjanes, Vol. 2: Friendship to the Max (Lumberjanes #5-8)",Â£46.91,Two,In stock
94,"Lumberjanes, Vol. 1: Beware the Kitten Holy (Lumberjanes #1-4)",Â£45.61,Three,In stock
95,Lumberjanes Vol. 3: A Terrible Plan (Lumberjanes #9-12),Â£19.92,Two,In stock
96,"Layered: Baking, Building, and Styling Spectacular Cakes",Â£40.11,One,In stock
97,Judo: Seven Steps to Black Belt (an Introductory Guide for Beginners),Â£53.90,Two,In stock
98,Join,Â£35.67,Five,In stock
99,In the Country We Love: My Family Divided,Â£22.00,Four,In stock
100,Immunity: How Elie Metchnikoff Changed the Course of Modern Medicine,Â£57.36,Five,In stock
101,"I Hate Fairyland, Vol. 1: Madly Ever After (I Hate Fairyland (Compilations) #1-5)",Â£29.17,Two,In stock
102,I am a Hero Omnibus Volume 1,Â£54.63,Three,In stock
103,How to Be Miserable: 40 Strategies You Already Use,Â£46.03,One,In stock
104,Her Backup Boyfriend (The Sorensen Family #1),Â£33.97,One,In stock
105,"Giant Days, Vol. 2 (Giant Days #5-8)",Â£22.11,Two,In stock
106,Forever and Forever: The Courtship of Henry Longfellow and Fanny Appleton,Â£29.69,Three,In stock
107,First and First (Five Boroughs #3),Â£15.97,Four,In stock
108,Fifty Shades Darker (Fifty Shades #2),Â£21.96,One,In stock
109,Everydata: The Misinformation Hidden in the Little Data You Consume Every Day,Â£54.35,Two,In stock
110,"Don't Be a Jerk: And Other Practical Advice from Dogen, Japan's Greatest Zen Master",Â£37.97,Two,In stock
111,Danganronpa Volume 1,Â£51.99,Four,In stock
112,Crown of Midnight (Throne of Glass #2),Â£43.29,Three,In stock
113,"Codename Baboushka, Volume 1: The Conclave of Death",Â£36.72,Four,In stock
114,Camp Midnight,Â£17.08,Four,In stock
115,Call the Nurse: True Stories of a Country Nurse on a Scottish Isle,Â£29.14,Five,In stock
116,Burning,Â£28.81,Three,In stock
117,Bossypants,Â£49.46,Two,In stock
118,"Bitch Planet, Vol. 1: Extraordinary Machine (Bitch Planet (Collected Editions))",Â£37.92,Two,In stock
119,"Avatar: The Last Airbender: Smoke and Shadow, Part 3 (Smoke and Shadow #3)",Â£28.09,Two,In stock
120,Algorithms to Live By: The Computer Science of Human Decisions,Â£30.81,One,In stock
121,A World of Flavor: Your Gluten Free Passport,Â£42.95,One,In stock
122,"A Piece of Sky, a Grain of Rice: A Memoir in Four Meditations",Â£56.76,Five,In stock
123,A Murder in Time,Â£16.64,One,In stock
124,A Flight of Arrows (The Pathfinders #2),Â£55.53,Five,In stock
125,A Fierce and Subtle Poison,Â£28.13,Four,In stock
126,A Court of Thorns and Roses (A Court of Thorns and Roses #1),Â£52.37,One,In stock
127,(Un)Qualified: How God Uses Broken People to Do Big Things,Â£54.00,Five,In stock
128,You Are What You Love: The Spiritual Power of Habit,Â£21.87,Four,In stock
129,"William Shakespeare's Star Wars: Verily, A New Hope (William Shakespeare's Star Wars #4)",Â£43.30,Four,In stock
130,Tuesday Nights in 1980,Â£21.04,Two,In stock
131,Tracing Numbers on a Train,Â£41.60,Three,In stock
132,Throne of Glass (Throne of Glass #1),Â£35.07,Three,In stock
133,Thomas Jefferson and the Tripoli Pirates: The Forgotten War That Changed American History,Â£59.64,One,In stock
134,Thirteen Reasons Why,Â£52.72,One,In stock
135,The White Cat and the Monk: A Retelling of the Poem âPangur BÃ¡nâ,Â£58.08,Four,In stock
136,The Wedding Dress,Â£24.12,One,In stock
137,The Vacationers,Â£42.15,Four,In stock
138,The Third Wave: An Entrepreneurâs Vision of the Future,Â£12.61,Five,In stock
139,The Stranger,Â£17.44,Four,In stock
140,The Shadow Hero (The Shadow Hero),Â£33.14,One,In stock
141,The Secret (The Secret #1),Â£27.37,Four,In stock
142,The Regional Office Is Under Attack!,Â£51.36,Five,In stock
143,The Psychopath Test: A Journey Through the Madness Industry,Â£36.00,Two,In stock
144,The Project,Â£10.65,One,In stock
145,The Power of Now: A Guide to Spiritual Enlightenment,Â£43.54,Two,In stock
146,The Omnivore's Dilemma: A Natural History of Four Meals,Â£38.21,Two,In stock
147,The Nerdy Nummies Cookbook: Sweet Treats for the Geek in All of Us,Â£37.34,Five,In stock
148,The Murder of Roger Ackroyd (Hercule Poirot #4),Â£44.10,Four,In stock
149,The Mistake (Off-Campus #2),Â£43.29,Three,In stock
150,The Matchmaker's Playbook (Wingmen Inc. #1),Â£55.85,One,In stock
151,The Love and Lemons Cookbook: An Apple-to-Zucchini Celebration of Impromptu Cooking,Â£37.60,Two,In stock
152,The Long Shadow of Small Ghosts: Murder and Memory in an American City,Â£10.97,One,In stock
153,The Kite Runner,Â£41.82,Four,In stock
154,The House by the Lake,Â£36.95,One,In stock
155,The Glittering Court (The Glittering Court #1),Â£44.28,One,In stock
156,The Girl on the Train,Â£55.02,Two,In stock
157,The Genius of Birds,Â£17.24,One,In stock
158,The Emerald Mystery,Â£23.15,Two,In stock
159,The Cookies & Cups Cookbook: 125+ sweet & savory recipes reminding you to Always Eat Dessert First,Â£41.25,One,In stock
160,The Bridge to Consciousness: I'm Writing the Bridge Between Science and Our Old and New Beliefs.,Â£32.00,Three,In stock
161,The Artist's Way: A Spiritual Path to Higher Creativity,Â£38.49,Five,In stock
162,The Art of War,Â£33.34,Five,In stock
163,The Argonauts,Â£10.93,Two,In stock
164,The 10% Entrepreneur: Live Your Startup Dream Without Quitting Your Day Job,Â£27.55,Three,In stock
165,Suddenly in Love (Lake Haven #1),Â£55.99,Two,In stock
166,Something More Than This,Â£16.24,Four,In stock
167,Soft Apocalypse,Â£26.12,Two,In stock
168,So You've Been Publicly Shamed,Â£12.23,Two,In stock
169,Shoe Dog: A Memoir by the Creator of NIKE,Â£23.99,Two,In stock
170,"Shobu Samurai, Project Aryoku (#3)",Â£29.06,Three,In stock
171,Secrets and Lace (Fatal Hearts #1),Â£20.27,One,In stock
172,Scarlett Epstein Hates It Here,Â£43.55,Five,In stock
173,Romero and Juliet: A Tragic Tale of Love and Zombies,Â£36.94,One,In stock
174,Redeeming Love,Â£20.47,Five,In stock
175,Poses for Artists Volume 1 - Dynamic and Sitting Poses: An Essential Reference for Figure Drawing and the Human Form,Â£41.06,One,In stock
176,Poems That Make Grown Women Cry,Â£14.19,Four,In stock
177,"Nightingale, Sing",Â£38.28,One,In stock
178,Night Sky with Exit Wounds,Â£41.05,One,In stock
179,Mrs. Houdini,Â£30.25,Five,In stock
180,Modern Romance,Â£28.26,Five,In stock
181,Miss Peregrineâs Home for Peculiar Children (Miss Peregrineâs Peculiar Children #1),Â£10.76,One,In stock
182,Louisa: The Extraordinary Life of Mrs. Adams,Â£16.85,Two,In stock
183,Little Red,Â£13.47,Three,In stock
184,Library of Souls (Miss Peregrineâs Peculiar Children #3),Â£48.56,Five,In stock
185,Large Print Heart of the Pride,Â£19.15,Two,In stock
186,I Had a Nice Time And Other Lies...: How to find love & sh*t like that,Â£57.36,Four,In stock
187,Hollow City (Miss Peregrineâs Peculiar Children #2),Â£42.98,One,In stock
188,Grumbles,Â£22.16,Two,In stock
189,Full Moon over Noahâs Ark: An Odyssey to Mount Ararat and Beyond,Â£49.43,Four,In stock
190,Frostbite (Vampire Academy #2),Â£29.99,Five,In stock
191,Follow You Home,Â£21.36,One,In stock
192,First Steps for New Christians (Print Edition),Â£29.00,One,In stock
193,Finders Keepers (Bill Hodges Trilogy #2),Â£53.53,Five,In stock
194,"Fables, Vol. 1: Legends in Exile (Fables #1)",Â£41.62,Four,In stock
195,Eureka Trivia 6.0,Â£54.59,Four,In stock
196,Drive: The Surprising Truth About What Motivates Us,Â£34.95,Four,In stock
197,Done Rubbed Out (Reightman & Bailey #1),Â£37.72,Five,In stock
198,Doing It Over (Most Likely To #1),Â£35.61,Three,In stock
199,"Deliciously Ella Every Day: Quick and Easy Recipes for Gluten-Free Snacks, Packed Lunches, and Simple Meals",Â£42.16,Three,In stock
200,Dark Notes,Â£19.19,Five,In stock
201,"Daring Greatly: How the Courage to Be Vulnerable Transforms the Way We Live, Love, Parent, and Lead",Â£19.43,Three,In stock
202,Close to You,Â£49.46,Four,In stock
203,Chasing Heaven: What Dying Taught Me About Living,Â£37.80,Two,In stock
204,Big Magic: Creative Living Beyond Fear,Â£30.80,Three,In stock
205,Becoming Wise: An Inquiry into the Mystery and Art of Living,Â£27.43,Two,In stock
206,Beauty Restored (Riley Family Legacy Novellas #3),Â£11.11,Two,In stock
207,Batman: The Long Halloween (Batman),Â£36.50,Two,In stock
208,Batman: The Dark Knight Returns (Batman),Â£15.38,Five,In stock
209,Ayumi's Violin,Â£15.48,Two,In stock
210,Anonymous,Â£46.82,Four,In stock
211,Amy Meets the Saints and Sages,Â£18.46,Three,In stock
212,Amid the Chaos,Â£36.58,One,In stock
213,Amatus,Â£50.54,Five,In stock
214,Agnostic: A Spirited Manifesto,Â£12.51,Five,In stock
215,Zealot: The Life and Times of Jesus of Nazareth,Â£24.70,Three,In stock
216,You (You #1),Â£43.61,Five,In stock
217,"Wonder Woman: Earth One, Volume One (Wonder Woman: Earth One #1)",Â£37.34,Four,In stock
218,Wild Swans,Â£14.36,Two,In stock
219,Why the Right Went Wrong: Conservatism--From Goldwater to the Tea Party and Beyond,Â£52.65,Four,In stock
220,Whole Lotta Creativity Going On: 60 Fun and Unusual Exercises to Awaken and Strengthen Your Creativity,Â£38.20,Four,In stock
221,What's It Like in Space?: Stories from Astronauts Who've Been There,Â£19.60,Two,In stock
222,"We Are Robin, Vol. 1: The Vigilante Business (We Are Robin #1)",Â£53.90,One,In stock
223,Walt Disney's Alice in Wonderland,Â£12.96,Five,In stock
224,V for Vendetta (V for Vendetta Complete),Â£37.10,Four,In stock
225,Until Friday Night (The Field Party #1),Â£46.31,Two,In stock
226,"Unbroken: A World War II Story of Survival, Resilience, and Redemption",Â£45.95,Two,In stock
227,Twenty Yawns,Â£22.08,Two,In stock
228,Through the Woods,Â£25.38,Two,In stock
229,This Is Where It Ends,Â£27.12,Two,In stock
230,The Year of Magical Thinking,Â£43.04,Two,In stock
231,The Wright Brothers,Â£56.80,Four,In stock
232,The White Queen (The Cousins' War #1),Â£25.91,Five,In stock
233,The Wedding Pact (The O'Malleys #2),Â£32.61,Three,In stock
234,The Time Keeper,Â£27.88,Five,In stock
235,The Testament of Mary,Â£52.67,Four,In stock
236,The Star-Touched Queen,Â£46.02,Five,In stock
237,The Songs of the Gods,Â£44.48,Five,In stock
238,The Song of Achilles,Â£37.40,Five,In stock
239,The Rosie Project (Don Tillman #1),Â£54.04,One,In stock
240,The Power of Habit: Why We Do What We Do in Life and Business,Â£16.88,Three,In stock
241,The Marriage of Opposites,Â£28.08,Four,In stock
242,The Lucifer Effect: Understanding How Good People Turn Evil,Â£10.40,One,In stock
243,The Long Haul (Diary of a Wimpy Kid #9),Â£44.07,One,In stock
244,The Loney,Â£23.40,One,In stock
245,The Literature Book (Big Ideas Simply Explained),Â£17.43,Three,In stock
246,The Last Mile (Amos Decker #2),Â£54.21,Two,In stock
247,The Immortal Life of Henrietta Lacks,Â£40.67,Two,In stock
248,The Hidden Oracle (The Trials of Apollo #1),Â£52.26,Two,In stock
249,The Help Yourself Cookbook for Kids: 60 Easy Plant-Based Recipes Kids Can Make to Stay Healthy and Save the Earth,Â£28.77,Three,In stock
250,The Guilty (Will Robie #4),Â£13.82,Two,In stock
251,The First Hostage (J.B. Collins #2),Â£25.85,Three,In stock
252,The Dovekeepers,Â£48.78,One,In stock
253,The Darkest Lie,Â£35.35,Five,In stock
254,The Bane Chronicles (The Bane Chronicles #1-11),Â£44.73,Four,In stock
255,The Bad-Ass Librarians of Timbuktu: And Their Race to Save the Worldâs Most Precious Manuscripts,Â£15.77,One,In stock
256,The 14th Colony (Cotton Malone #11),Â£39.24,One,In stock
257,That Darkness (Gardiner and Renner #1),Â£13.92,One,In stock
258,Tastes Like Fear (DI Marnie Rome #3),Â£10.69,One,In stock
259,Take Me with You,Â£45.21,Three,In stock
260,Swell: A Year of Waves,Â£45.58,One,In stock
261,Superman Vol. 1: Before Truth (Superman by Gene Luen Yang #1),Â£11.89,Five,In stock
262,Still Life with Bread Crumbs,Â£26.41,Three,In stock
263,Steve Jobs,Â£39.50,Five,In stock
264,Sorting the Beef from the Bull: The Science of Food Fraud Forensics,Â£44.74,Four,In stock
265,Someone Like You (The Harrisons #2),Â£52.79,Five,In stock
266,"So Cute It Hurts!!, Vol. 6 (So Cute It Hurts!! #6)",Â£35.43,Four,In stock
267,Shtum,Â£55.84,Four,In stock
268,See America: A Celebration of Our National Parks & Treasured Sites,Â£48.87,Three,In stock
269,salt.,Â£46.78,Four,In stock
270,Robin War,Â£47.82,Three,In stock
271,"Red Hood/Arsenal, Vol. 1: Open for Business (Red Hood/Arsenal #1)",Â£25.48,Two,In stock
272,Rain Fish,Â£23.57,Three,In stock
273,"Quarter Life Poetry: Poems for the Young, Broke and Hangry",Â£50.89,Five,In stock
274,Pet Sematary,Â£10.56,Three,In stock
275,"Overload: How to Unplug, Unwind, and Unleash Yourself from the Pressure of Stress",Â£52.15,Three,In stock
276,Once Was a Time,Â£18.28,Two,In stock
277,Old School (Diary of a Wimpy Kid #10),Â£11.83,Five,In stock
278,No Dream Is Too High: Life Lessons From a Man Who Walked on the Moon,Â£21.95,Two,In stock
279,"Naruto (3-in-1 Edition), Vol. 14: Includes Vols. 40, 41 & 42 (Naruto: Omnibus #14)",Â£38.39,Two,In stock
280,My Name Is Lucy Barton,Â£41.56,One,In stock
281,My Mrs. Brown,Â£24.48,Three,In stock
282,My Kind of Crazy,Â£40.36,One,In stock
283,Mr. Mercedes (Bill Hodges Trilogy #1),Â£28.90,One,In stock
284,More Than Music (Chasing the Dream #1),Â£37.61,Two,In stock
285,Made to Stick: Why Some Ideas Survive and Others Die,Â£38.85,Five,In stock
286,Luis Paints the World,Â£53.95,Three,In stock
287,Luckiest Girl Alive,Â£49.83,Three,In stock
288,Lowriders to the Center of the Earth (Lowriders in Space #2),Â£51.51,Two,In stock
289,Love Is a Mix Tape (Music #1),Â£18.03,One,In stock
290,Looking for Lovely: Collecting the Moments that Matter,Â£29.14,Five,In stock
291,"Living Leadership by Insight: A Good Leader Achieves, a Great Leader Builds Monuments",Â£46.91,Four,In stock
292,Let It Out: A Journey Through Journaling,Â£26.79,Five,In stock
293,Lady Midnight (The Dark Artifices #1),Â£16.28,Five,In stock
294,"It's All Easy: Healthy, Delicious Weeknight Meals in under 30 Minutes",Â£19.55,One,In stock
295,Island of Dragons (Unwanteds #7),Â£29.65,One,In stock
296,I Know What I'm Doing -- and Other Lies I Tell Myself: Dispatches from a Life Under Construction,Â£25.98,Four,In stock
297,I Am Pilgrim (Pilgrim #1),Â£10.60,Four,In stock
298,"Hyperbole and a Half: Unfortunate Situations, Flawed Coping Mechanisms, Mayhem, and Other Things That Happened",Â£14.75,Five,In stock
299,"Hush, Hush (Hush, Hush #1)",Â£47.02,Three,In stock
300,Hold Your Breath (Search and Rescue #1),Â£28.82,One,In stock
301,Hamilton: The Revolution,Â£58.79,Three,In stock
302,Greek Mythic History,Â£10.23,Five,In stock
303,God: The Most Unpleasant Character in All Fiction,Â£30.03,Five,In stock
304,Glory over Everything: Beyond The Kitchen House,Â£45.84,Three,In stock
305,Feathers: Displays of Brilliant Plumage,Â£49.05,Three,In stock
306,"Far & Away: Places on the Brink of Change: Seven Continents, Twenty-Five Years",Â£15.06,Four,In stock
307,Every Last Word,Â£46.47,Three,In stock
308,Eligible (The Austen Project #4),Â£27.09,Three,In stock
309,El Deafo,Â£57.62,Five,In stock
310,Eight Hundred Grapes,Â£14.39,Four,In stock
311,"Eaternity: More than 150 Deliciously Easy Vegan Recipes for a Long, Healthy, Satisfied, Joyful Life",Â£51.75,Five,In stock
312,"Eat Fat, Get Thin",Â£54.07,Two,In stock
313,Don't Get Caught,Â£55.35,One,In stock
314,Doctor Sleep (The Shining #2),Â£40.12,Two,In stock
315,Demigods & Magicians: Percy and Annabeth Meet the Kanes (Percy Jackson & Kane Chronicles Crossover #1-3),Â£37.51,Five,In stock
316,Dear Mr. Knightley,Â£11.21,Five,In stock
317,Daily Fantasy Sports,Â£36.58,One,In stock
318,Crazy Love: Overwhelmed by a Relentless God,Â£47.72,Two,In stock
319,Cometh the Hour (The Clifton Chronicles #6),Â£25.01,Three,In stock
320,Code Name Verity (Code Name Verity #1),Â£22.13,Four,In stock
321,Clockwork Angel (The Infernal Devices #1),Â£44.14,One,In stock
322,City of Glass (The Mortal Instruments #3),Â£56.02,Four,In stock
323,City of Fallen Angels (The Mortal Instruments #4),Â£11.23,Four,In stock
324,City of Bones (The Mortal Instruments #1),Â£43.28,One,In stock
325,City of Ashes (The Mortal Instruments #2),Â£47.27,One,In stock
326,Cell,Â£20.29,Four,In stock
327,Catching Jordan (Hundred Oaks),Â£50.83,Three,In stock
328,"Carry On, Warrior: Thoughts on Life Unarmed",Â£31.85,Three,In stock
329,Carrie,Â£46.23,Two,In stock
330,Buying In: The Secret Dialogue Between What We Buy and Who We Are,Â£37.80,Four,In stock
331,Brain on Fire: My Month of Madness,Â£49.32,Five,In stock
332,Batman: Europa,Â£32.01,Two,In stock
333,Barefoot Contessa Back to Basics,Â£28.01,One,In stock
334,Barefoot Contessa at Home: Everyday Recipes You'll Make Over and Over Again,Â£50.62,Five,In stock
335,Balloon Animals,Â£17.03,Three,In stock
336,Art Ops Vol. 1,Â£48.80,Three,In stock
337,Aristotle and Dante Discover the Secrets of the Universe (Aristotle and Dante Discover the Secrets of the Universe #1),Â£58.14,Four,In stock
338,Angels Walking (Angels Walking #1),Â£34.20,Two,In stock
339,Angels & Demons (Robert Langdon #1),Â£51.48,Three,In stock
340,All the Light We Cannot See,Â£29.87,Five,In stock
341,"Adulthood Is a Myth: A ""Sarah's Scribbles"" Collection",Â£10.90,Two,In stock
342,Abstract City,Â£56.37,Five,In stock
343,A Time of Torment (Charlie Parker #14),Â£48.35,Five,In stock
344,A Study in Scarlet (Sherlock Holmes #1),Â£16.73,Two,In stock
345,"A Series of Catastrophes and Miracles: A True Story of Love, Science, and Cancer",Â£56.48,Two,In stock
346,A People's History of the United States,Â£40.79,Two,In stock
347,A Man Called Ove,Â£39.72,One,In stock
348,A Distant Mirror: The Calamitous 14th Century,Â£14.58,Three,In stock
349,A Brush of Wings (Angels Walking #3),Â£55.51,One,In stock
350,1491: New Revelations of the Americas Before Columbus,Â£21.80,Three,In stock
351,"The Three Searches, Meaning, and the Story",Â£13.33,Three,In stock
352,Searching for Meaning in Gailana,Â£38.73,One,In stock
353,Rook,Â£37.86,Four,In stock
354,My Kitchen Year: 136 Recipes That Saved My Life,Â£11.53,Two,In stock
355,13 Hours: The Inside Account of What Really Happened In Benghazi,Â£27.06,One,In stock
356,Will You Won't You Want Me?,Â£13.86,Three,In stock
357,Tipping Point for Planet Earth: How Close Are We to the Edge?,Â£37.55,One,In stock
358,The Star-Touched Queen,Â£32.30,Five,In stock
359,The Silent Sister (Riley MacPherson #1),Â£46.29,Five,In stock
360,The Midnight Watch: A Novel of the Titanic and the Californian,Â£26.20,One,In stock
361,The Lonely City: Adventures in the Art of Being Alone,Â£33.26,Two,In stock
362,The Gray Rhino: How to Recognize and Act on the Obvious Dangers We Ignore,Â£59.15,Four,In stock
363,The Golden Condom: And Other Essays on Love Lost and Found,Â£39.43,One,In stock
364,The Epidemic (The Program 0.6),Â£14.44,Five,In stock
365,The Dinner Party,Â£56.54,Two,In stock
366,The Diary of a Young Girl,Â£59.90,Three,In stock
367,The Children,Â£11.88,Three,In stock
368,Stars Above (The Lunar Chronicles #4.5),Â£48.05,Two,In stock
369,Snatched: How A Drug Queen Went Undercover for the DEA and Was Kidnapped By Colombian Guerillas,Â£21.21,Three,In stock
370,Raspberry Pi Electronics Projects for the Evil Genius,Â£49.67,Four,In stock
371,Quench Your Own Thirst: Business Lessons Learned Over a Beer or Two,Â£43.14,One,In stock
372,Psycho: Sanitarium (Psycho #1.5),Â£36.97,Five,In stock
373,Poisonous (Max Revere Novels #3),Â£26.80,Three,In stock
374,One with You (Crossfire #5),Â£15.71,Four,In stock
375,No Love Allowed (Dodge Cove #1),Â£54.65,Four,In stock
376,Murder at the 42nd Street Library (Raymond Ambler #1),Â£54.36,Four,In stock
377,Most Wanted,Â£35.28,Three,In stock
378,"Love, Lies and Spies",Â£20.55,Two,In stock
379,How to Speak Golf: An Illustrated Guide to Links Lingo,Â£58.32,Five,In stock
380,Hide Away (Eve Duncan #20),Â£11.84,One,In stock
381,Furiously Happy: A Funny Book About Horrible Things,Â£41.46,Four,In stock
382,Everyday Italian: 125 Simple and Delicious Recipes,Â£20.10,Five,In stock
383,Equal Is Unfair: America's Misguided Fight Against Income Inequality,Â£56.86,One,In stock
384,Eleanor & Park,Â£56.51,Five,In stock
385,Dirty (Dive Bar #1),Â£40.83,Four,In stock
386,Can You Keep a Secret? (Fear Street Relaunch #4),Â£48.64,One,In stock
387,Boar Island (Anna Pigeon #19),Â£59.48,Three,In stock
388,A Paris Apartment,Â£39.01,Four,In stock
389,"A la Mode: 120 Recipes in 60 Pairings: Pies, Tarts, Cakes, Crisps, and More Topped with Ice Cream, Gelato, Frozen Custard, and More",Â£38.77,One,In stock
390,Troublemaker: Surviving Hollywood and Scientology,Â£48.39,Two,In stock
391,The Widow,Â£27.26,Two,In stock
392,"The Sleep Revolution: Transforming Your Life, One Night at a Time",Â£11.68,Four,In stock
393,The Improbability of Love,Â£59.45,One,In stock
394,The Art of Startup Fundraising,Â£21.00,Three,In stock
395,Take Me Home Tonight (Rock Star Romance #3),Â£53.98,Three,In stock
396,Sleeping Giants (Themis Files #1),Â£48.74,One,In stock
397,"Setting the World on Fire: The Brief, Astonishing Life of St. Catherine of Siena",Â£21.15,Two,In stock
398,Playing with Fire,Â£13.71,Three,In stock
399,Off the Hook (Fishing for Trouble #1),Â£47.67,Three,In stock
400,Mothering Sunday,Â£13.34,Two,In stock
401,"Mother, Can You Not?",Â£16.89,Five,In stock
402,M Train,Â£27.18,One,In stock
403,Lilac Girls,Â£17.28,Two,In stock
404,Lies and Other Acts of Love,Â£45.14,One,In stock
405,Lab Girl,Â£40.85,One,In stock
406,Keep Me Posted,Â£20.46,Four,In stock
407,It Didn't Start with You: How Inherited Family Trauma Shapes Who We Are and How to End the Cycle,Â£56.27,Three,In stock
408,Grey (Fifty Shades #4),Â£48.49,Four,In stock
409,"Exit, Pursued by a Bear",Â£51.34,Four,In stock
410,Daredevils,Â£16.34,Three,In stock
411,Cravings: Recipes for What You Want to Eat,Â£20.50,Three,In stock
412,Born for This: How to Find the Work You Were Meant to Do,Â£21.59,Five,In stock
413,Arena,Â£21.36,Four,In stock
414,Adultery,Â£20.88,Five,In stock
415,A Mother's Reckoning: Living in the Aftermath of Tragedy,Â£19.53,Three,In stock
416,A Gentleman's Position (Society of Gentlemen #3),Â£14.75,Five,In stock
417,11/22/63,Â£48.48,Three,In stock
418,"10% Happier: How I Tamed the Voice in My Head, Reduced Stress Without Losing My Edge, and Found Self-Help That Actually Works",Â£24.57,Two,In stock
419,10-Day Green Smoothie Cleanse: Lose Up to 15 Pounds in 10 Days!,Â£49.71,Five,In stock
420,Without Shame,Â£48.27,Five,In stock
421,Watchmen,Â£58.05,Four,In stock
422,Unlimited Intuition Now,Â£58.87,Four,In stock
423,Underlying Notes,Â£11.82,Two,In stock
424,The Shack,Â£28.03,One,In stock
425,The New Brand You: Your New Image Makes the Sale for You,Â£44.05,Five,In stock
426,"The Moosewood Cookbook: Recipes from Moosewood Restaurant, Ithaca, New York",Â£12.34,Four,In stock
427,The Flowers Lied,Â£16.68,Two,In stock
428,"The Fabric of the Cosmos: Space, Time, and the Texture of Reality",Â£55.91,One,In stock
429,The Book of Mormon,Â£24.57,Three,In stock
430,The Art and Science of Low Carbohydrate Living,Â£52.98,Five,In stock
431,The Alien Club,Â£54.40,One,In stock
432,Suzie Snowflake: One beautiful flake (a self-esteem story),Â£54.81,Five,In stock
433,Nap-a-Roo,Â£25.08,One,In stock
434,"NaNo What Now? Finding your editing process, revising your NaNoWriMo book and building a writing career through publishing and beyond",Â£10.41,Four,In stock
435,Modern Day Fables,Â£47.44,Two,In stock
436,If I Gave You God's Phone Number....: Searching for Spirituality in America,Â£20.91,One,In stock
437,"Fruits Basket, Vol. 9 (Fruits Basket #9)",Â£33.95,Four,In stock
438,Dress Your Family in Corduroy and Denim,Â£43.68,Three,In stock
439,Don't Forget Steven,Â£33.23,One,In stock
440,Chernobyl 01:23:40: The Incredible True Story of the World's Worst Nuclear Disaster,Â£35.92,Two,In stock
441,Art and Fear: Observations on the Perils (and Rewards) of Artmaking,Â£48.63,Four,In stock
442,A Shard of Ice (The Black Symphony Saga #1),Â£56.63,Three,In stock
443,A Hero's Curse (The Unseen Chronicles #1),Â£50.49,Three,In stock
444,23 Degrees South: A Tropical Tale of Changing Whether...,Â£35.79,Two,In stock
445,"Zero to One: Notes on Startups, or How to Build the Future",Â£34.06,Three,In stock
446,Why Not Me?,Â£17.76,One,In stock
447,When Breath Becomes Air,Â£39.36,Two,In stock
448,Vagabonding: An Uncommon Guide to the Art of Long-Term World Travel,Â£36.94,Two,In stock
449,The Unlikely Pilgrimage of Harold Fry (Harold Fry #1),Â£43.62,Five,In stock
450,The New Drawing on the Right Side of the Brain,Â£43.02,Three,In stock
451,"The Midnight Assassin: Panic, Scandal, and the Hunt for America's First Serial Killer",Â£28.45,Four,In stock
452,The Martian (The Martian #1),Â£41.39,Two,In stock
453,The High Mountains of Portugal,Â£51.15,One,In stock
454,The Grownup,Â£35.88,One,In stock
455,The E-Myth Revisited: Why Most Small Businesses Don't Work and What to Do About It,Â£36.91,One,In stock
456,South of Sunshine,Â£28.93,One,In stock
457,Smarter Faster Better: The Secrets of Being Productive in Life and Business,Â£38.89,Five,In stock
458,Silence in the Dark (Logan Point #4),Â£58.33,Three,In stock
459,Shadows of the Past (Logan Point #1),Â£39.67,Five,In stock
460,Roller Girl,Â£14.10,Five,In stock
461,Rising Strong,Â£21.82,Three,In stock
462,Proofs of God: Classical Arguments from Tertullian to Barth,Â£54.21,One,In stock
463,Please Kill Me: The Uncensored Oral History of Punk,Â£31.19,Four,In stock
464,Out of Print: City Lights Spotlight No. 14,Â£53.64,Five,In stock
465,My Life Next Door (My Life Next Door ),Â£36.39,Five,In stock
466,Miller's Valley,Â£58.54,Two,In stock
467,Man's Search for Meaning,Â£29.48,Three,In stock
468,"Love That Boy: What Two Presidents, Eight Road Trips, and My Son Taught Me About a Parent's Expectations",Â£25.06,Two,In stock
469,Living Forward: A Proven Plan to Stop Drifting and Get the Life You Want,Â£12.55,Three,In stock
470,Les Fleurs du Mal,Â£29.04,Five,In stock
471,Left Behind (Left Behind #1),Â£40.72,Two,In stock
472,Kill 'Em and Leave: Searching for James Brown and the American Soul,Â£45.05,Five,In stock
473,Kierkegaard: A Christian Missionary to Christians,Â£47.13,One,In stock
474,John Vassos: Industrial Design for Modern Life,Â£20.22,Four,In stock
475,I'll Give You the Sun,Â£56.48,One,In stock
476,I Will Find You,Â£44.21,One,In stock
477,Hystopia: A Novel,Â£21.96,Four,In stock
478,Howl and Other Poems,Â£40.45,Two,In stock
479,History of Beauty,Â£10.29,Four,In stock
480,Heaven is for Real: A Little Boy's Astounding Story of His Trip to Heaven and Back,Â£52.86,Two,In stock
481,Future Shock (Future Shock #1),Â£55.65,Five,In stock
482,Ender's Game (The Ender Quintet #1),Â£43.64,One,In stock
483,Diary of a Citizen Scientist: Chasing Tiger Beetles and Other New Ways of Engaging the World,Â£28.41,One,In stock
484,Death by Leisure: A Cautionary Tale,Â£37.51,Four,In stock
485,Brilliant Beacons: A History of the American Lighthouse,Â£11.45,Three,In stock
486,Brazen: The Courage to Find the You That's Been Hiding,Â£19.22,Two,In stock
487,Between the World and Me,Â£56.91,Four,In stock
488,Being Mortal: Medicine and What Matters in the End,Â£55.06,Four,In stock
489,"A Murder Over a Girl: Justice, Gender, Junior High",Â£13.20,Three,In stock
490,32 Yolks,Â£53.63,Two,In stock
491,"""Most Blessed of the Patriarchs"": Thomas Jefferson and the Empire of the Imagination",Â£44.48,Five,In stock
492,You Are a Badass: How to Stop Doubting Your Greatness and Start Living an Awesome Life,Â£12.08,Three,In stock
493,Wildlife of New York: A Five-Borough Coloring Book,Â£22.14,Two,In stock
494,What Happened on Beale Street (Secrets of the South Mysteries #2),Â£25.37,Five,In stock
495,Unreasonable Hope: Finding Faith in the God Who Brings Purpose to Your Pain,Â£46.33,Two,In stock
496,Under the Tuscan Sun,Â£37.33,Three,In stock
497,Toddlers Are A**holes: It's Not Your Fault,Â£25.55,One,In stock
498,The Year of Living Biblically: One Man's Humble Quest to Follow the Bible as Literally as Possible,Â£34.72,One,In stock
499,The Whale,Â£35.96,Four,In stock
500,The Story of Art,Â£41.14,Four,In stock
501,The Origin of Species,Â£10.01,Four,In stock
502,The Great Gatsby,Â£36.05,Four,In stock
503,The Good Girl,Â£49.03,Three,In stock
504,The Glass Castle,Â£16.24,One,In stock
505,The Faith of Christopher Hitchens: The Restless Soul of the World's Most Notorious Atheist,Â£39.55,One,In stock
506,The Drowning Girls,Â£35.67,Three,In stock
507,The Constant Princess (The Tudor Court #1),Â£16.62,Three,In stock
508,The Bourne Identity (Jason Bourne #1),Â£42.78,Four,In stock
509,The Bachelor Girl's Guide to Murder (Herringford and Watts Mysteries #1),Â£52.30,Five,In stock
510,The Art Book,Â£32.34,Two,In stock
511,The 7 Habits of Highly Effective People: Powerful Lessons in Personal Change,Â£33.17,Four,In stock
512,Team of Rivals: The Political Genius of Abraham Lincoln,Â£20.12,Five,In stock
513,Steal Like an Artist: 10 Things Nobody Told You About Being Creative,Â£20.90,Two,In stock
514,"Sit, Stay, Love",Â£20.90,Three,In stock
515,Sister Dear,Â£40.20,Four,In stock
516,"Shrunken Treasures: Literary Classics, Short, Sweet, and Silly",Â£52.87,Three,In stock
517,"Rich Dad, Poor Dad",Â£51.74,One,In stock
518,Raymie Nightingale,Â£34.41,Two,In stock
519,Playing from the Heart,Â£32.38,One,In stock
520,Nightstruck: A Novel,Â£50.35,Four,In stock
521,"Naturally Lean: 125 Nourishing Gluten-Free, Plant-Based Recipes--All Under 300 Calories",Â£11.38,Five,In stock
522,Meternity,Â£43.58,Three,In stock
523,Memoirs of a Geisha,Â£49.67,Three,In stock
524,Like Never Before (Walker Family #2),Â£28.77,Two,In stock
525,Life of Pi,Â£13.22,Four,In stock
526,Leave This Song Behind: Teen Poetry at Its Best,Â£51.17,Five,In stock
527,King's Folly (The Kinsman Chronicles #1),Â£39.61,Five,In stock
528,John Adams,Â£57.43,Four,In stock
529,How to Cook Everything Vegetarian: Simple Meatless Recipes for Great Food (How to Cook Everything),Â£46.01,Four,In stock
530,How to Be a Domestic Goddess: Baking and the Art of Comfort Cooking,Â£28.25,Two,In stock
531,Good in Bed (Cannie Shapiro #1),Â£37.05,Five,In stock
532,"Fruits Basket, Vol. 7 (Fruits Basket #7)",Â£19.57,One,In stock
533,For the Love: Fighting for Grace in a World of Impossible Standards,Â£45.13,Three,In stock
534,Finding God in the Ruins: How God Redeems Pain,Â£46.64,Two,In stock
535,Every Heart a Doorway (Every Heart A Doorway #1),Â£12.16,Five,In stock
536,Delivering the Truth (Quaker Midwife Mystery #1),Â£20.89,Four,In stock
537,Counted With the Stars (Out from Egypt #1),Â£17.97,Five,In stock
538,"Chronicles, Vol. 1",Â£52.60,Two,In stock
539,Blue Like Jazz: Nonreligious Thoughts on Christian Spirituality,Â£25.77,One,In stock
540,Benjamin Franklin: An American Life,Â£48.19,Three,In stock
541,"At The Existentialist CafÃ©: Freedom, Being, and apricot cocktails with: Jean-Paul Sartre, Simone de Beauvoir, Albert Camus, Martin Heidegger, Edmund Husserl, Karl Jaspers, Maurice Merleau-Ponty and others",Â£29.93,Five,In stock
542,A Summer In Europe,Â£44.34,Two,In stock
543,A Short History of Nearly Everything,Â£52.40,Five,In stock
544,A Gathering of Shadows (Shades of Magic #2),Â£44.81,Four,In stock
545,The Sound Of Love,Â£57.84,Five,In stock
546,The Rise and Fall of the Third Reich: A History of Nazi Germany,Â£39.67,Two,In stock
547,The Perks of Being a Wallflower,Â£55.02,Three,In stock
548,The Mysterious Affair at Styles (Hercule Poirot #1),Â£24.80,Four,In stock
549,The Man Who Mistook His Wife for a Hat and Other Clinical Tales,Â£59.45,Four,In stock
550,The Makings of a Fatherless Child,Â£31.58,Two,In stock
551,The Joy of Cooking,Â£43.27,Four,In stock
552,The Invention of Wings,Â£37.34,One,In stock
553,The Hobbit (Middle-Earth Universe),Â£17.80,Five,In stock
554,The Great Railway Bazaar,Â£30.54,One,In stock
555,The Golden Compass (His Dark Materials #1),Â£18.77,One,In stock
556,The God Delusion,Â£46.85,Three,In stock
557,The Girl You Left Behind (The Girl You Left Behind #1),Â£15.79,One,In stock
558,The Fellowship of the Ring (The Lord of the Rings #1),Â£10.27,Two,In stock
559,The Collected Poems of W.B. Yeats (The Collected Works of W.B. Yeats #1),Â£15.42,Five,In stock
560,The Barefoot Contessa Cookbook,Â£59.92,Five,In stock
561,Tell the Wolves I'm Home,Â£50.96,Two,In stock
562,Ship Leaves Harbor: Essays on Travel by a Recovering Journeyman,Â£30.60,Three,In stock
563,Pride and Prejudice,Â£19.27,Four,In stock
564,Musicophilia: Tales of Music and the Brain,Â£46.58,One,In stock
565,Mere Christianity,Â£48.51,Three,In stock
566,Me Before You (Me Before You #1),Â£19.02,One,In stock
567,In the Woods (Dublin Murder Squad #1),Â£38.38,Two,In stock
568,In Cold Blood,Â£49.98,Four,In stock
569,How to Stop Worrying and Start Living,Â£46.49,Five,In stock
570,Give It Back,Â£18.32,Two,In stock
571,"Girl, Interrupted",Â£42.14,Three,In stock
572,Fun Home: A Family Tragicomic,Â£56.59,Four,In stock
573,"Fruits Basket, Vol. 6 (Fruits Basket #6)",Â£20.96,Four,In stock
574,Deception Point,Â£40.32,Four,In stock
575,"Death Note, Vol. 6: Give-and-Take (Death Note #6)",Â£36.39,Three,In stock
576,Catherine the Great: Portrait of a Woman,Â£58.55,Four,In stock
577,Better Homes and Gardens New Cook Book,Â£39.61,Three,In stock
578,An Unquiet Mind: A Memoir of Moods and Madness,Â£21.30,Three,In stock
579,A Year in Provence (Provence #1),Â£56.88,Four,In stock
580,World Without End (The Pillars of the Earth #2),Â£32.97,Four,In stock
581,"Will Grayson, Will Grayson (Will Grayson, Will Grayson)",Â£47.31,Four,In stock
582,Why Save the Bankers?: And Other Essays on Our Economic and Political Crisis,Â£48.67,Two,In stock
583,Where She Went (If I Stay #2),Â£41.73,Four,In stock
584,What If?: Serious Scientific Answers to Absurd Hypothetical Questions,Â£53.68,Four,In stock
585,Two Summers,Â£14.64,One,In stock
586,This Is Your Brain on Music: The Science of a Human Obsession,Â£38.40,One,In stock
587,The Secret Garden,Â£15.08,Four,In stock
588,The Raven King (The Raven Cycle #4),Â£30.57,Two,In stock
589,The Raven Boys (The Raven Cycle #1),Â£57.74,Four,In stock
590,The Power Greens Cookbook: 140 Delicious Superfood Recipes,Â£11.05,Five,In stock
591,The Metamorphosis,Â£28.58,One,In stock
592,The Mathews Men: Seven Brothers and the War Against Hitler's U-boats,Â£42.91,Five,In stock
593,The Little Paris Bookshop,Â£24.73,Three,In stock
594,The Hiding Place,Â£55.91,Four,In stock
595,The Grand Design,Â£13.76,Three,In stock
596,The Firm,Â£45.56,Three,In stock
597,The Fault in Our Stars,Â£47.22,One,In stock
598,The False Prince (The Ascendance Trilogy #1),Â£56.00,Five,In stock
599,The Expatriates,Â£44.58,Two,In stock
600,The Dream Thieves (The Raven Cycle #2),Â£34.50,One,In stock
601,The Darkest Corners,Â£11.33,Five,In stock
602,The Crossover,Â£38.77,Four,In stock
603,The 5th Wave (The 5th Wave #1),Â£11.83,Two,In stock
604,Tell the Wind and Fire,Â£45.51,Three,In stock
605,Tell Me Three Things,Â£41.81,One,In stock
606,Talking to Girls About Duran Duran: One Young Man's Quest for True Love and a Cooler Haircut,Â£25.15,Four,In stock
607,Siddhartha,Â£34.22,Five,In stock
608,Shiver (The Wolves of Mercy Falls #1),Â£16.23,Five,In stock
609,Remember Me?,Â£11.48,Three,In stock
610,Red Dragon (Hannibal Lecter #1),Â£23.37,Three,In stock
611,Peak: Secrets from the New Science of Expertise,Â£16.28,Two,In stock
612,My Mother Was Nuts,Â£31.63,Four,In stock
613,Mexican Today: New and Rediscovered Recipes for Contemporary Kitchens,Â£24.91,Five,In stock
614,Maybe Something Beautiful: How Art Transformed a Neighborhood,Â£22.54,One,In stock
615,Lola and the Boy Next Door (Anna and the French Kiss #2),Â£23.63,Four,In stock
616,Logan Kade (Fallen Crest High #5.5),Â£13.12,Two,In stock
617,Last One Home (New Beginnings #1),Â£59.98,Three,In stock
618,Killing Floor (Jack Reacher #1),Â£31.49,Four,In stock
619,Kill the Boy Band,Â£15.52,Five,In stock
620,Isla and the Happily Ever After (Anna and the French Kiss #3),Â£48.13,Five,In stock
621,If I Stay (If I Stay #1),Â£38.13,Five,In stock
622,I Know Why the Caged Bird Sings (Maya Angelou's Autobiography #1),Â£36.55,Two,In stock
623,Harry Potter and the Deathly Hallows (Harry Potter #7),Â£23.32,One,In stock
624,"Fruits Basket, Vol. 5 (Fruits Basket #5)",Â£16.33,One,In stock
625,Foundation (Foundation (Publication Order) #1),Â£32.42,One,In stock
626,Fool Me Once,Â£16.96,One,In stock
627,Find Her (Detective D.D. Warren #8),Â£22.37,One,In stock
628,Evicted: Poverty and Profit in the American City,Â£42.27,One,In stock
629,Drama,Â£38.70,Two,In stock
630,Dracula the Un-Dead,Â£35.63,Five,In stock
631,Digital Fortress,Â£58.00,Five,In stock
632,"Death Note, Vol. 5: Whiteout (Death Note #5)",Â£52.41,One,In stock
633,"Data, A Love Story: How I Gamed Online Dating to Meet My Match",Â£32.35,Three,In stock
634,Critique of Pure Reason,Â£20.75,One,In stock
635,Booked,Â£17.49,Five,In stock
636,"Blue Lily, Lily Blue (The Raven Cycle #3)",Â£34.13,Five,In stock
637,Approval Junkie: Adventures in Caring Too Much,Â£58.81,Five,In stock
638,An Abundance of Katherines,Â£10.00,Five,In stock
639,America's War for the Greater Middle East: A Military History,Â£51.22,Two,In stock
640,Alight (The Generations Trilogy #2),Â£58.59,Four,In stock
641,A Girl's Guide to Moving On (New Beginnings #2),Â£31.30,One,In stock
642,A Game of Thrones (A Song of Ice and Fire #1),Â£46.42,Two,In stock
643,A Feast for Crows (A Song of Ice and Fire #4),Â£17.21,Four,In stock
644,A Clash of Kings (A Song of Ice and Fire #2),Â£10.79,Three,In stock
645,Vogue Colors A to Z: A Fashion Coloring Book,Â£52.35,Four,In stock
646,The Shining (The Shining #1),Â£27.88,Three,In stock
647,The Pilgrim's Progress,Â£50.26,Two,In stock
648,The Perfect Play (Play by Play #1),Â£59.99,Three,In stock
649,The Passion of Dolssa,Â£28.32,Five,In stock
650,The Jazz of Physics: The Secret Link Between Music and the Structure of the Universe,Â£38.71,Three,In stock
651,The Hunger Games (The Hunger Games #1),Â£29.85,Five,In stock
652,The Hound of the Baskervilles (Sherlock Holmes #5),Â£14.82,Two,In stock
653,The Gunning of America: Business and the Making of American Gun Culture,Â£16.81,Four,In stock
654,The Geography of Bliss: One Grump's Search for the Happiest Places in the World,Â£28.23,Two,In stock
655,The Demonists (Demonist #1),Â£52.11,Two,In stock
656,"The Demon Prince of Momochi House, Vol. 4 (The Demon Prince of Momochi House #4)",Â£27.88,Two,In stock
657,The Bone Hunters (Lexy Vaughan & Steven Macaulay #2),Â£59.71,Three,In stock
658,The Beast (Black Dagger Brotherhood #14),Â£46.08,Five,In stock
659,Some Women,Â£13.73,Five,In stock
660,Shopaholic Ties the Knot (Shopaholic #3),Â£48.39,Five,In stock
661,Paper and Fire (The Great Library #2),Â£49.45,Five,In stock
662,Outlander (Outlander #1),Â£19.67,Five,In stock
663,"Orchestra of Exiles: The Story of Bronislaw Huberman, the Israel Philharmonic, and the One Thousand Jews He Saved from Nazi Horrors",Â£12.36,Three,In stock
664,No One Here Gets Out Alive,Â£20.02,Five,In stock
665,Night Shift (Night Shift #1-20),Â£12.75,Four,In stock
666,Needful Things,Â£47.51,Four,In stock
667,Mockingjay (The Hunger Games #3),Â£20.44,Four,In stock
668,Misery,Â£34.79,Two,In stock
669,Little Women (Little Women #1),Â£28.07,Four,In stock
670,It,Â£25.01,Three,In stock
671,Harry Potter and the Sorcerer's Stone (Harry Potter #1),Â£13.90,Three,In stock
672,Harry Potter and the Prisoner of Azkaban (Harry Potter #3),Â£24.17,Four,In stock
673,Harry Potter and the Order of the Phoenix (Harry Potter #5),Â£31.63,Four,In stock
674,Harry Potter and the Half-Blood Prince (Harry Potter #6),Â£48.75,Five,In stock
675,Harry Potter and the Chamber of Secrets (Harry Potter #2),Â£14.74,One,In stock
676,Gone with the Wind,Â£32.49,Three,In stock
677,God Is Not Great: How Religion Poisons Everything,Â£27.80,One,In stock
678,Girl With a Pearl Earring,Â£26.77,One,In stock
679,"Fruits Basket, Vol. 4 (Fruits Basket #4)",Â£50.44,Four,In stock
680,Far From True (Promise Falls Trilogy #2),Â£34.93,Two,In stock
681,Dark Lover (Black Dagger Brotherhood #1),Â£12.87,One,In stock
682,Confessions of a Shopaholic (Shopaholic #1),Â£48.94,Two,In stock
683,Changing the Game (Play by Play #2),Â£13.38,Three,In stock
684,Candide,Â£58.63,Three,In stock
685,Can You Keep a Secret?,Â£21.94,One,In stock
686,Atlas Shrugged,Â£26.58,Five,In stock
687,Animal Farm,Â£57.22,Three,In stock
688,A Walk to Remember,Â£56.43,One,In stock
689,A New Earth: Awakening to Your Life's Purpose,Â£55.65,Five,In stock
690,"A History of God: The 4,000-Year Quest of Judaism, Christianity, and Islam",Â£27.62,One,In stock
691,'Salem's Lot,Â£49.56,Four,In stock
692,Zero History (Blue Ant #3),Â£34.77,One,In stock
693,Wuthering Heights,Â£17.73,Three,In stock
694,World War Z: An Oral History of the Zombie War,Â£21.80,One,In stock
695,Wild: From Lost to Found on the Pacific Crest Trail,Â£46.02,Three,In stock
696,"Where'd You Go, Bernadette",Â£18.13,One,In stock
697,When You Are Engulfed in Flames,Â£30.89,Five,In stock
698,We the People: The Modern-Day Figures Who Have Reshaped and Affirmed the Founding Fathers' Vision of America,Â£31.95,Three,In stock
699,We Are All Completely Beside Ourselves,Â£24.04,One,In stock
700,Walk the Edge (Thunder Road #2),Â£32.36,Three,In stock
701,Voyager (Outlander #3),Â£21.07,Five,In stock
702,Very Good Lives: The Fringe Benefits of Failure and the Importance of Imagination,Â£50.66,Three,In stock
703,Vegan Vegetarian Omnivore: Dinner for Everyone at the Table,Â£13.66,Two,In stock
704,"Unstuffed: Decluttering Your Home, Mind, and Soul",Â£58.09,One,In stock
705,Under the Banner of Heaven: A Story of Violent Faith,Â£30.00,One,In stock
706,Two Boys Kissing,Â£32.74,Two,In stock
707,Twilight (Twilight #1),Â£41.93,Two,In stock
708,Twenties Girl,Â£42.80,Two,In stock
709,"Trespassing Across America: One Man's Epic, Never-Done-Before (and Sort of Illegal) Hike Across the Heartland",Â£53.51,One,In stock
710,Three-Martini Lunch,Â£23.21,Three,In stock
711,"Thinking, Fast and Slow",Â£21.14,One,In stock
712,The Wild Robot,Â£56.07,Three,In stock
713,"The Wicked + The Divine, Vol. 3: Commercial Suicide (The Wicked + The Divine)",Â£14.41,Three,In stock
714,The Undomestic Goddess,Â£45.75,Four,In stock
715,The Travelers,Â£15.77,One,In stock
716,The Tipping Point: How Little Things Can Make a Big Difference,Â£10.02,Two,In stock
717,The Thing About Jellyfish,Â£48.77,One,In stock
718,The Stand,Â£57.86,Two,In stock
719,The Smitten Kitchen Cookbook,Â£23.59,One,In stock
720,The Silkworm (Cormoran Strike #2),Â£23.05,Five,In stock
721,"The Sandman, Vol. 3: Dream Country (The Sandman (volumes) #3)",Â£55.55,Five,In stock
722,The Rose & the Dagger (The Wrath and the Dawn #2),Â£58.64,Four,In stock
723,The Road to Little Dribbling: Adventures of an American in Britain (Notes From a Small Island #2),Â£23.21,One,In stock
724,The Rise of Theodore Roosevelt (Theodore Roosevelt #1),Â£42.57,Three,In stock
725,The Restaurant at the End of the Universe (Hitchhiker's Guide to the Galaxy #2),Â£10.92,One,In stock
726,The Rest Is Noise: Listening to the Twentieth Century,Â£34.77,One,In stock
727,The Red Tent,Â£35.66,Five,In stock
728,The Purpose Driven Life: What on Earth Am I Here for?,Â£37.19,Three,In stock
729,The Purest Hook (Second Circle Tattoos #3),Â£12.25,One,In stock
730,The Picture of Dorian Gray,Â£29.70,Two,In stock
731,The Paris Wife,Â£36.80,Three,In stock
732,The Obsession,Â£45.43,One,In stock
733,The Nightingale,Â£26.26,Four,In stock
734,The New Guy (and Other Senior Year Distractions),Â£44.92,Three,In stock
735,The Nanny Diaries (Nanny #1),Â£52.53,Five,In stock
736,The Name of God is Mercy,Â£37.25,Two,In stock
737,The Maze Runner (The Maze Runner #1),Â£20.93,One,In stock
738,The Lover's Dictionary,Â£58.09,Two,In stock
739,The Lonely Ones,Â£43.59,Five,In stock
740,The Lean Startup: How Today's Entrepreneurs Use Continuous Innovation to Create Radically Successful Businesses,Â£33.92,Three,In stock
741,The Last Painting of Sara de Vos,Â£55.55,Two,In stock
742,"The Land of 10,000 Madonnas",Â£29.64,Four,In stock
743,The Infinities,Â£27.41,One,In stock
744,The Husband's Secret,Â£52.51,Five,In stock
745,The Hitchhiker's Guide to the Galaxy (Hitchhiker's Guide to the Galaxy #1),Â£47.80,Three,In stock
746,The Guns of August,Â£14.54,Two,In stock
747,The Guernsey Literary and Potato Peel Pie Society,Â£49.53,One,In stock
748,The Goldfinch,Â£43.58,Three,In stock
749,The Giver (The Giver Quartet #1),Â£12.30,One,In stock
750,The Girl with All the Gifts,Â£49.47,Three,In stock
751,The Girl Who Played with Fire (Millennium Trilogy #2),Â£22.14,Two,In stock
752,The Girl Who Kicked the Hornet's Nest (Millennium Trilogy #3),Â£57.48,One,In stock
753,The Exiled,Â£43.45,Three,In stock
754,"The End of Faith: Religion, Terror, and the Future of Reason",Â£22.13,Four,In stock
755,"The Elegant Universe: Superstrings, Hidden Dimensions, and the Quest for the Ultimate Theory",Â£13.03,Four,In stock
756,"The Disappearing Spoon: And Other True Tales of Madness, Love, and the History of the World from the Periodic Table of the Elements",Â£57.35,Five,In stock
757,The Devil Wears Prada (The Devil Wears Prada #1),Â£44.29,One,In stock
758,The Demon-Haunted World: Science as a Candle in the Dark,Â£52.25,Four,In stock
759,The Day the Crayons Came Home (Crayons),Â£26.33,Five,In stock
760,The Da Vinci Code (Robert Langdon #2),Â£22.96,Two,In stock
761,The Cuckoo's Calling (Cormoran Strike #1),Â£19.21,One,In stock
762,The Complete Stories and Poems (The Works of Edgar Allan Poe [Cameo Edition]),Â£26.78,Four,In stock
763,The Complete Poems,Â£41.32,Five,In stock
764,The Catcher in the Rye,Â£24.55,One,In stock
765,The Cat in the Hat (Beginner Books B-1),Â£16.26,Two,In stock
766,The Case for Christ (Cases for Christianity),Â£47.84,One,In stock
767,The Book Thief,Â£53.49,Two,In stock
768,The Book of Basketball: The NBA According to The Sports Guy,Â£44.84,Five,In stock
769,The Blind Side: Evolution of a Game,Â£53.71,Five,In stock
770,The Autobiography of Malcolm X,Â£23.43,Two,In stock
771,"The Art of Simple Food: Notes, Lessons, and Recipes from a Delicious Revolution",Â£34.32,Three,In stock
772,The Art of Fielding,Â£22.10,One,In stock
773,"Surely You're Joking, Mr. Feynman!: Adventures of a Curious Character",Â£25.83,Two,In stock
774,Stiff: The Curious Lives of Human Cadavers,Â£36.74,Three,In stock
775,Spilled Milk: Based on a True Story,Â£49.51,One,In stock
776,Something Borrowed (Darcy & Rachel #1),Â£48.96,Five,In stock
777,Something Blue (Darcy & Rachel #2),Â£54.62,One,In stock
778,Soldier (Talon #3),Â£24.72,Two,In stock
779,Shopaholic & Baby (Shopaholic #5),Â£46.45,Two,In stock
780,Seven Days in the Art World,Â£52.33,Two,In stock
781,Seven Brief Lessons on Physics,Â£30.60,Four,In stock
782,Scarlet (The Lunar Chronicles #2),Â£14.57,Four,In stock
783,Sarah's Key,Â£46.29,One,In stock
784,"Saga, Volume 3 (Saga (Collected Editions) #3)",Â£21.57,Five,In stock
785,Running with Scissors,Â£12.91,Four,In stock
786,Rogue Lawyer (Rogue Lawyer #1),Â£50.11,Three,In stock
787,"Rise of the Rocket Girls: The Women Who Propelled Us, from Missiles to the Moon to Mars",Â£41.67,Four,In stock
788,Rework,Â£44.88,Two,In stock
789,Reservations for Two,Â£11.10,Three,In stock
790,Red: The True Story of Red Riding Hood,Â£28.54,Three,In stock
791,Ready Player One,Â£19.07,Four,In stock
792,Quiet: The Power of Introverts in a World That Can't Stop Talking,Â£43.55,One,In stock
793,Prodigy: The Graphic Novel (Legend: The Graphic Novel #2),Â£43.63,Three,In stock
794,Persepolis: The Story of a Childhood (Persepolis #1-2),Â£39.13,One,In stock
795,Packing for Mars: The Curious Science of Life in the Void,Â£56.68,Two,In stock
796,Outliers: The Story of Success,Â£14.16,One,In stock
797,Original Fake,Â£31.45,Three,In stock
798,Orange Is the New Black,Â£24.61,Two,In stock
799,One for the Money (Stephanie Plum #1),Â£32.87,Two,In stock
800,Notes from a Small Island (Notes From a Small Island #1),Â£40.17,One,In stock
801,Night (The Night Trilogy #1),Â£13.51,One,In stock
802,Neither Here nor There: Travels in Europe,Â£38.95,Three,In stock
803,Naked,Â£31.69,Three,In stock
804,Morning Star (Red Rising #3),Â£29.40,One,In stock
805,"Miracles from Heaven: A Little Girl, Her Journey to Heaven, and Her Amazing Story of Healing",Â£57.83,One,In stock
806,Midnight Riot (Peter Grant/ Rivers of London - books #1),Â£55.46,Two,In stock
807,Me Talk Pretty One Day,Â£57.60,Two,In stock
808,Manuscript Found in Accra,Â£34.98,Two,In stock
809,Lust & Wonder,Â£11.87,Two,In stock
810,Lila (Gilead #3),Â£12.47,Three,In stock
811,"Life, the Universe and Everything (Hitchhiker's Guide to the Galaxy #3)",Â£33.26,Two,In stock
812,Life Without a Recipe,Â£59.04,Five,In stock
813,Life After Life,Â£26.13,Two,In stock
814,Letter to a Christian Nation,Â£22.20,One,In stock
815,Let's Pretend This Never Happened: A Mostly True Memoir,Â£45.11,One,In stock
816,Legend (Legend #1),Â£43.69,Four,In stock
817,"Lean In: Women, Work, and the Will to Lead",Â£25.02,One,In stock
818,"Lamb: The Gospel According to Biff, Christ's Childhood Pal",Â£55.50,Five,In stock
819,Lady Renegades (Rebel Belle #3),Â£53.04,Five,In stock
820,Jurassic Park (Jurassic Park #1),Â£44.97,One,In stock
821,It's Never Too Late to Begin Again: Discovering Creativity and Meaning at Midlife and Beyond,Â£42.38,One,In stock
822,Is Everyone Hanging Out Without Me? (And Other Concerns),Â£20.11,Three,In stock
823,Into the Wild,Â£56.70,Five,In stock
824,Inferno (Robert Langdon #4),Â£41.00,Five,In stock
825,"In the Garden of Beasts: Love, Terror, and an American Family in Hitler's Berlin",Â£28.85,Three,In stock
826,If I Run (If I Run #1),Â£49.97,Four,In stock
827,I've Got Your Number,Â£19.69,One,In stock
828,I Am Malala: The Girl Who Stood Up for Education and Was Shot by the Taliban,Â£28.88,Two,In stock
829,Hungry Girl Clean & Hungry: Easy All-Natural Recipes for Healthy Eating in the Real World,Â£33.14,Three,In stock
830,"House of Lost Worlds: Dinosaurs, Dynasties, and the Story of Life on Earth",Â£43.70,Two,In stock
831,House of Leaves,Â£54.89,One,In stock
832,Horrible Bear!,Â£37.52,Two,In stock
833,Holidays on Ice,Â£51.07,Two,In stock
834,Heir to the Sky,Â£44.07,Four,In stock
835,Green Eggs and Ham (Beginner Books B-16),Â£10.79,Four,In stock
836,"Grayson, Vol 3: Nemesis (Grayson #3)",Â£42.72,One,In stock
837,Gratitude,Â£26.66,Five,In stock
838,Gone Girl,Â£37.60,Five,In stock
839,Golden (Heart of Dread #3),Â£42.21,Four,In stock
840,Girl in the Blue Coat,Â£46.83,Two,In stock
841,"Fruits Basket, Vol. 3 (Fruits Basket #3)",Â£45.17,Two,In stock
842,"Friday Night Lights: A Town, a Team, and a Dream",Â£51.22,Three,In stock
843,Fire Bound (Sea Haven/Sisters of the Heart #5),Â£21.28,Four,In stock
844,Fifty Shades Freed (Fifty Shades #3),Â£15.36,Five,In stock
845,Fellside,Â£38.62,One,In stock
846,Extreme Prey (Lucas Davenport #26),Â£25.40,Three,In stock
847,Eragon (The Inheritance Cycle #1),Â£43.87,Three,In stock
848,Eclipse (Twilight #3),Â£18.74,One,In stock
849,Dune (Dune #1),Â£54.86,One,In stock
850,Dracula,Â£52.62,Three,In stock
851,Do Androids Dream of Electric Sheep? (Blade Runner #1),Â£51.48,One,In stock
852,Disrupted: My Misadventure in the Start-Up Bubble,Â£15.28,Five,In stock
853,Dead Wake: The Last Crossing of the Lusitania,Â£39.24,Five,In stock
854,"David and Goliath: Underdogs, Misfits, and the Art of Battling Giants",Â£17.81,One,In stock
855,Darkfever (Fever #1),Â£56.02,One,In stock
856,Dark Places,Â£23.90,Five,In stock
857,Crazy Rich Asians (Crazy Rich Asians #1),Â£49.13,Five,In stock
858,Counting Thyme,Â£10.62,One,In stock
859,Cosmos,Â£36.17,Two,In stock
860,Civilization and Its Discontents,Â£59.95,Two,In stock
861,Cinder (The Lunar Chronicles #1),Â£26.09,One,In stock
862,Catastrophic Happiness: Finding Joy in Childhood's Messy Years,Â£37.35,Two,In stock
863,Career of Evil (Cormoran Strike #3),Â£24.72,Two,In stock
864,Breaking Dawn (Twilight #4),Â£35.28,Five,In stock
865,Brave Enough,Â£51.32,Five,In stock
866,Boy Meets Boy,Â£21.12,Three,In stock
867,"Born to Run: A Hidden Tribe, Superathletes, and the Greatest Race the World Has Never Seen",Â£27.35,Two,In stock
868,Blink: The Power of Thinking Without Thinking,Â£21.74,Five,In stock
869,Black Flags: The Rise of ISIS,Â£40.87,One,In stock
870,"Black Butler, Vol. 1 (Black Butler #1)",Â£49.31,One,In stock
871,Big Little Lies,Â£22.11,One,In stock
872,Between Shades of Gray,Â£20.79,Five,In stock
873,Best of My Love (Fool's Gold #20),Â£27.41,Two,In stock
874,Beowulf,Â£38.35,Two,In stock
875,Beautiful Creatures (Caster Chronicles #1),Â£21.55,Five,In stock
876,Awkward,Â£38.02,Two,In stock
877,Ash,Â£22.06,Four,In stock
878,Are We There Yet?,Â£10.66,Three,In stock
879,Are We Smart Enough to Know How Smart Animals Are?,Â£56.58,One,In stock
880,Annie on My Mind,Â£36.83,Five,In stock
881,And Then There Were None,Â£35.01,Two,In stock
882,A Walk in the Woods: Rediscovering America on the Appalachian Trail,Â£30.48,Four,In stock
883,A Visit from the Goon Squad,Â£14.08,Five,In stock
884,A Storm of Swords (A Song of Ice and Fire #3),Â£31.22,Two,In stock
885,A Heartbreaking Work of Staggering Genius,Â£54.29,Five,In stock
886,8 Keys to Mental Health Through Exercise,Â£31.04,One,In stock
887,#GIRLBOSS,Â£50.96,One,In stock
888,"The Suffragettes (Little Black Classics, #96)",Â£11.89,Two,In stock
889,The Sense of an Ending,Â£31.38,Three,In stock
890,"The Sandman, Vol. 2: The Doll's House (The Sandman (volumes) #2)",Â£54.81,One,In stock
891,The Course of Love,Â£16.78,Three,In stock
892,Sugar Rush (Offensive Line #2),Â£24.42,One,In stock
893,"Saga, Volume 2 (Saga (Collected Editions) #2)",Â£11.75,Three,In stock
894,"Run, Spot, Run: The Ethics of Keeping Pets",Â£20.02,One,In stock
895,New Moon (Twilight #2),Â£12.86,Four,In stock
896,Life,Â£31.58,Five,In stock
897,Kindle Paperwhite User's Guide,Â£34.00,Three,In stock
898,H is for Hawk,Â£57.42,Five,In stock
899,Girl Online On Tour (Girl Online #2),Â£53.47,One,In stock
900,"Fruits Basket, Vol. 2 (Fruits Basket #2)",Â£11.64,Five,In stock
901,Diary of a Minecraft Zombie Book 1: A Scare of a Dare (An Unofficial Minecraft Book),Â£52.88,Four,In stock
902,"Y: The Last Man, Vol. 1: Unmanned (Y: The Last Man #1)",Â£18.51,Four,In stock
903,While You Were Mine,Â£41.32,Five,In stock
904,Where Lightning Strikes (Bleeding Stars #3),Â£39.77,Three,In stock
905,When I'm Gone,Â£51.96,Three,In stock
906,Ways of Seeing,Â£39.51,Five,In stock
907,"Vampire Knight, Vol. 1 (Vampire Knight #1)",Â£15.40,One,In stock
908,Vampire Girl (Vampire Girl #1),Â£53.82,Two,In stock
909,Twenty Love Poems and a Song of Despair,Â£30.95,Four,In stock
910,Travels with Charley: In Search of America,Â£57.82,Five,In stock
911,Three Wishes (River of Time: California #1),Â£44.18,Two,In stock
912,This One Moment (Pushing Limits #1),Â£48.71,One,In stock
913,The Zombie Room,Â£19.69,Five,In stock
914,"The Wicked + The Divine, Vol. 1: The Faust Act (The Wicked + The Divine)",Â£36.52,Two,In stock
915,The Tumor,Â£41.56,Five,In stock
916,The Story of Hong Gildong,Â£43.19,Four,In stock
917,The Silent Wife,Â£12.34,Five,In stock
918,The Silent Twin (Detective Jennifer Knight #3),Â£36.25,Three,In stock
919,The Selfish Gene,Â£29.45,One,In stock
920,The Secret Healer,Â£34.56,Three,In stock
921,"The Sandman, Vol. 1: Preludes and Nocturnes (The Sandman (volumes) #1)",Â£54.12,Three,In stock
922,The Republic,Â£33.78,Three,In stock
923,The Odyssey,Â£29.64,Three,In stock
924,The No. 1 Ladies' Detective Agency (No. 1 Ladies' Detective Agency #1),Â£57.70,Four,In stock
925,The Nicomachean Ethics,Â£36.34,One,In stock
926,The Name of the Wind (The Kingkiller Chronicle #1),Â£50.59,Three,In stock
927,The Mirror & the Maze (The Wrath and the Dawn #1.5),Â£29.38,One,In stock
928,The Little Prince,Â£45.42,Two,In stock
929,The Light of the Fireflies,Â£54.43,One,In stock
930,The Last Girl (The Dominion Trilogy #1),Â£36.26,Two,In stock
931,The Iliad,Â£16.16,One,In stock
932,The Hook Up (Game On #1),Â£36.29,Five,In stock
933,The Haters,Â£27.89,Five,In stock
934,The Girl You Lost,Â£12.29,Five,In stock
935,The Girl In The Ice (DCI Erika Foster #1),Â£15.85,Three,In stock
936,The End of the Jesus Era (An Investigation #1),Â£14.40,One,In stock
937,The Edge of Reason (Bridget Jones #2),Â£19.18,Four,In stock
938,The Complete Maus (Maus #1-2),Â£10.64,Three,In stock
939,The Communist Manifesto,Â£14.76,Three,In stock
940,The Bhagavad Gita,Â£57.49,Three,In stock
941,The Bette Davis Club,Â£30.66,Three,In stock
942,The Art of Not Breathing,Â£40.83,Four,In stock
943,Taking Shots (Assassins #1),Â£18.88,Two,In stock
944,Starlark,Â£25.83,Three,In stock
945,"Skip Beat!, Vol. 01 (Skip Beat! #1)",Â£42.12,Three,In stock
946,Sister Sable (The Mad Queen #1),Â£13.33,Three,In stock
947,Shatter Me (Shatter Me #1),Â£42.40,One,In stock
948,Shameless,Â£58.35,Three,In stock
949,Shadow Rites (Jane Yellowrock #10),Â£21.72,Four,In stock
950,Settling the Score (The Summer Games #1),Â£44.91,Two,In stock
951,Sense and Sensibility,Â£37.46,One,In stock
952,"Saga, Volume 1 (Saga (Collected Editions) #1)",Â£28.48,One,In stock
953,"Rhythm, Chord & Malykhin",Â£28.34,Two,In stock
954,"Rat Queens, Vol. 1: Sass & Sorcery (Rat Queens (Collected Editions) #1-5)",Â£46.96,Five,In stock
955,Paradise Lost (Paradise #1),Â£24.96,One,In stock
956,"Paper Girls, Vol. 1 (Paper Girls #1-5)",Â£21.71,Four,In stock
957,"Ouran High School Host Club, Vol. 1 (Ouran High School Host Club #1)",Â£29.87,Three,In stock
958,Origins (Alphas 0.5),Â£28.99,One,In stock
959,One Second (Seven #7),Â£52.94,Two,In stock
960,On the Road (Duluoz Legend),Â£32.36,Three,In stock
961,Old Records Never Die: One Man's Quest for His Vinyl and His Past,Â£55.66,Two,In stock
962,Off Sides (Off #1),Â£39.45,Five,In stock
963,Of Mice and Men,Â£47.11,Two,In stock
964,Myriad (Prentor #1),Â£58.75,Four,In stock
965,My Perfect Mistake (Over the Top #1),Â£38.92,Two,In stock
966,"Ms. Marvel, Vol. 1: No Normal (Ms. Marvel (2014-2015) #1)",Â£39.39,Four,In stock
967,Meditations,Â£25.89,Two,In stock
968,Matilda,Â£28.34,One,In stock
969,Lost Among the Living,Â£27.70,Four,In stock
970,Lord of the Flies,Â£24.89,Three,In stock
971,Listen to Me (Fusion #1),Â£58.99,Three,In stock
972,Kitchens of the Great Midwest,Â£57.20,Five,In stock
973,Jane Eyre,Â£38.43,Five,In stock
974,Imperfect Harmony,Â£34.74,Four,In stock
975,Icing (Aces Hockey #2),Â£40.44,Four,In stock
976,"Hawkeye, Vol. 1: My Life as a Weapon (Hawkeye #1)",Â£45.24,Three,In stock
977,Having the Barbarian's Baby (Ice Planet Barbarians #7.5),Â£34.96,Four,In stock
978,"Giant Days, Vol. 1 (Giant Days #1-4)",Â£56.76,Four,In stock
979,"Fruits Basket, Vol. 1 (Fruits Basket #1)",Â£40.28,Five,In stock
980,Frankenstein,Â£38.00,Two,In stock
981,Forever Rockers (The Rocker #12),Â£28.80,Three,In stock
982,Fighting Fate (Fighting #6),Â£39.24,Three,In stock
983,Emma,Â£32.93,Two,In stock
984,"Eat, Pray, Love",Â£51.32,Three,In stock
985,Deep Under (Walker Security #1),Â£47.09,Five,In stock
986,Choosing Our Religion: The Spiritual Lives of America's Nones,Â£28.42,Four,In stock
987,Charlie and the Chocolate Factory (Charlie Bucket #1),Â£22.85,Three,In stock
988,Charity's Cross (Charles Towne Belles #4),Â£41.24,One,In stock
989,Bright Lines,Â£39.07,Five,In stock
990,Bridget Jones's Diary (Bridget Jones #1),Â£29.82,One,In stock
991,Bounty (Colorado Mountain #7),Â£37.26,Four,In stock
992,Blood Defense (Samantha Brinkman #1),Â£20.30,Three,In stock
993,"Bleach, Vol. 1: Strawberry and the Soul Reapers (Bleach #1)",Â£34.65,Five,In stock
994,Beyond Good and Evil,Â£43.38,One,In stock
995,Alice in Wonderland (Alice's Adventures in Wonderland #1),Â£55.53,One,In stock
996,"Ajin: Demi-Human, Volume 1 (Ajin: Demi-Human #1)",Â£57.06,Four,In stock
997,A Spy's Devotion (The Regency Spies of London #1),Â£16.97,Five,In stock
998,1st to Die (Women's Murder Club #1),Â£53.98,One,In stock
999,"1,000 Places to See Before You Die",Â£26.08,Five,In stock
